{
  "UserAgent": "MobileHub/1.0",
  "Version": "1.0",
  "CredentialsProvider": {
    "CognitoIdentity": {
      "Default": {
        "PoolId": "us-east-1:532d4c93-72d7-4709-b310-d12c4104698a",
        "Region": "us-east-1"
      }
    }
  },
  "IdentityManager": {
    "Default": {}
  },
  "CognitoUserPool": {
    "Default": {
      "PoolId": "us-east-1_H9jNLncP8",
      "AppClientId": "7alc9mj2nk4m911vn0ue7m65if",
      "AppClientSecret": "11nkavt1s9pd4k33gjehofo3rtu848b3ei64t85t481mm2rhc866",
      "Region": "us-east-1"
    }
  },
  "DynamoDBObjectMapper": {
    "Default": {
      "Region": "us-east-1"
    }
  },
  "PinpointAnalytics": {
    "Default": {
      "AppId": "993f5f2da55246569f19117c396ca153",
      "Region": "us-east-1"
    }
  },
  "PinpointTargeting": {
    "Default": {
      "Region": "us-east-1"
    }
  }
}